model,accuracy,precision_both_hands,recall_both_hands,f1_both_hands,precision_one_hand,recall_one_hand,f1_one_hand,macro_f1,weighted_f1,tn,fp,fn,tp
Random Forest,0.8837209302325582,0.9705882352941176,0.7857142857142857,0.8684210526315789,0.8269230769230769,0.9772727272727273,0.8958333333333334,0.8821271929824561,0.8824459404324766,33,9,1,43
Logistic Regression,0.8604651162790697,0.8409090909090909,0.8809523809523809,0.8604651162790699,0.8809523809523809,0.8409090909090909,0.8604651162790699,0.8604651162790699,0.8604651162790697,37,5,7,37
SVM,0.8488372093023255,0.8918918918918919,0.7857142857142857,0.8354430379746834,0.8163265306122449,0.9090909090909091,0.8602150537634408,0.847829045869062,0.8481170925642801,33,9,4,40
KNN,0.8372093023255814,0.8043478260869565,0.8809523809523809,0.8409090909090908,0.875,0.7954545454545454,0.8333333333333334,0.8371212121212122,0.8370331219168429,37,5,9,35
