model,accuracy,precision_both_hands,recall_both_hands,f1_both_hands,precision_one_hand,recall_one_hand,f1_one_hand,macro_f1,weighted_f1,tn,fp,fn,tp
Random Forest,0.8837209302325582,0.9705882352941176,0.7857142857142857,0.8684210526315789,0.8269230769230769,0.9772727272727273,0.8958333333333334,0.8821271929824561,0.8824459404324766,33,9,1,43
KNN,0.8372093023255814,0.8043478260869565,0.8809523809523809,0.8409090909090908,0.875,0.7954545454545454,0.8333333333333334,0.8371212121212122,0.8370331219168429,37,5,9,35
SVM,0.8372093023255814,0.868421052631579,0.7857142857142857,0.825,0.8125,0.8863636363636364,0.8478260869565218,0.8364130434782608,0.8366784630940344,33,9,5,39
Logistic Regression,0.8255813953488372,0.7872340425531915,0.8809523809523809,0.8314606741573034,0.8717948717948718,0.7727272727272727,0.8192771084337349,0.8253688912955192,0.8252272219266404,37,5,10,34
